Iteration,Average Episodic Length,Average Episodic Return,Episodic Return STD,Average Loss
1,124.44,-69.59,45.73339310566315,-0.00544
2,118.17,-84.17,46.86136943264822,-0.00181
3,156.36,-42.27,44.226984545448516,-0.00144
4,107.9,-83.56,44.24438490826954,-0.00276
5,121.0,-73.82,47.67659661262473,-0.00164
6,139.8,-53.49,46.87021912218403,-0.00206
7,142.27,-55.21,48.626631025206805,-0.00279
8,128.56,-62.3,45.522162419913705,-0.00258
9,163.08,-43.44,45.956058661549754,-0.00399
10,159.38,-45.33,42.96338896521239,-0.00074
11,180.58,-29.35,33.893178048264204,-0.00132
12,187.73,-21.59,25.160455971068846,-0.00147
13,162.08,-43.41,43.72806789331227,-0.00141
14,170.62,-34.8,38.70714586452086,-0.00167
15,177.5,-27.56,33.26074179303325,-0.00091
16,200.0,-12.54,3.6132251238463144,-0.00221
17,189.36,-22.61,26.191568910692336,-0.00137
18,190.36,-19.28,28.210684743653676,-0.00202
19,186.73,-20.57,26.119264457107505,-0.00206
20,189.45,-23.48,31.411133023125135,-0.00162
21,157.69,-42.5,44.52983596231005,-0.00317
22,114.32,-72.93,46.694435041310676,-0.00316
23,130.18,-63.77,48.0326215654345,-0.00399
24,167.85,-33.14,40.38953082299107,-0.0025
25,178.33,-28.84,34.832185093276166,-0.00179
26,200.0,-15.79,5.072191229832857,-0.00093
27,135.94,-61.37,48.36078993874858,-0.0026
28,159.93,-40.83,44.50805910424521,-0.00221
29,178.17,-29.58,34.83500475685697,-0.00183
30,177.08,-26.85,35.1565720382566,-0.0016
31,139.2,-63.38,47.99147256685986,-0.00134
32,159.38,-41.37,44.20690895709676,-0.00154
33,160.21,-39.83,41.15092456003668,-0.00323
34,187.0,-21.12,28.48468232553673,-0.0014
35,150.86,-46.22,44.85078045763878,-0.00127
36,146.2,-48.77,45.642763681236794,-0.00271
37,151.86,-47.61,45.840529110618334,-0.00408
38,182.0,-30.65,36.34291509753215,-0.00378
39,175.08,-29.88,34.710619615536324,-0.00255
40,187.73,-23.07,26.78929259708038,-0.00306
41,188.18,-22.17,27.270886620727726,-0.00132
42,200.0,-14.48,2.7173566292539917,-0.00299
43,178.25,-29.37,37.144810098283756,-0.00116
44,200.0,-14.17,2.8954313568982024,-0.00218
45,182.25,-28.99,34.78314215465506,-0.00155
46,177.0,-31.32,33.71558163341448,-0.00297
47,200.0,-15.07,3.8363605076476626,-0.00196
48,186.64,-23.42,31.090242644058456,-0.00422
49,186.18,-22.89,31.10287414452207,-0.0037
50,184.08,-30.45,38.06270961281007,-0.00284
51,176.25,-29.67,36.98591362056446,-0.00186
52,200.0,-12.81,3.582273660902362,-0.0031
53,187.82,-23.31,25.51577047914042,-0.0034
54,200.0,-12.45,2.9773739196862175,-0.00202
55,182.08,-30.34,34.48752301226016,-0.00248
56,200.0,-14.91,4.827880328851837,-0.00192
57,178.42,-28.85,35.86081037777738,-0.00365
58,200.0,-13.81,4.260889538509277,-0.00224
59,188.73,-21.19,27.344331546120387,-0.0043
60,186.55,-19.7,27.57015065634706,-0.00273
61,187.17,-20.53,26.622056992927945,-0.00219
62,200.0,-10.79,1.2449584433339245,-0.00328
63,186.18,-20.23,27.947617714188443,-0.00245
64,200.0,-12.71,2.8171073262737596,-0.00394
65,200.0,-12.87,2.304074632805523,-0.00121
66,200.0,-13.32,2.4903745379615305,-0.00331
67,200.0,-11.58,2.0827528101903634,-0.00123
68,186.33,-29.86,35.81387085032527,-0.00171
69,189.0,-23.79,29.458213725241617,-0.00197
70,200.0,-11.16,3.094217961029895,-0.00181
71,200.0,-11.19,1.6200006236032136,-0.00221
72,200.0,-11.45,1.5438238332477991,-0.00245
73,195.45,-20.66,28.34351738959577,-0.0037
74,200.0,-13.05,3.509433262374834,-0.00254
75,200.0,-11.38,2.9059978957794024,-0.00271
76,200.0,-11.64,4.103878760836132,-0.00335
77,186.18,-21.26,28.812923503655277,-0.00483
78,200.0,-12.56,3.385190998057497,-0.00355
79,200.0,-10.31,3.0119306829336665,-0.00168
80,187.25,-20.87,28.48980119219152,-0.00237
81,186.91,-20.5,27.634705768607965,-0.00384
82,200.0,-10.99,2.7350656628555714,-0.0028
83,200.0,-10.65,2.312786733990819,-0.00339
84,187.36,-20.5,29.43002003157663,-0.00222
85,200.0,-12.03,4.604662441123915,-0.00256
86,180.33,-27.25,35.23867114758941,-0.00331
87,189.09,-20.52,30.14436910683171,-0.00516
88,200.0,-12.59,1.8778528926173623,-0.00232
89,175.25,-27.77,35.505256224223366,-0.00721
90,186.58,-18.95,27.26707091323236,-0.00236
91,180.5,-27.71,37.00273507000268,-0.00251
92,200.0,-12.44,3.5864098125613553,-0.00361
93,200.0,-12.2,1.771012210830325,-0.00365
94,190.36,-21.24,27.185774327740976,-0.00323
95,200.0,-11.45,3.7428773965640807,-0.00316
96,200.0,-13.2,2.5923242039529666,-0.00168
97,200.0,-12.4,1.9310930483972917,-0.00234
98,200.0,-12.52,2.1968111716146503,-0.00298
99,200.0,-11.25,2.294015385907247,-0.00232
100,185.08,-29.48,36.096923809762735,-0.00314
101,200.0,-12.6,1.9522076770346521,-0.00311
102,182.92,-29.96,38.046434170837195,-0.0034
103,200.0,-12.98,2.256449793212588,-0.00248
104,200.0,-11.98,1.4863751283064723,-0.00257
105,188.09,-21.32,29.521190383834668,-0.00293
106,200.0,-11.97,2.6537825687329493,-0.00315
107,200.0,-11.34,1.4536979315252236,-0.0022
108,200.0,-11.14,2.360421684028901,-0.00298
109,200.0,-10.28,2.263034824277577,-0.00202
110,200.0,-12.88,3.4134254925521774,-0.00352
111,200.0,-11.58,1.7262090994360886,-0.00379
112,200.0,-12.36,2.882999525850883,-0.0045
113,200.0,-10.44,1.924419418259508,-0.00259
114,186.82,-18.03,29.314339900419615,-0.00154
115,200.0,-9.35,3.121272368229773,-0.00195
116,186.64,-20.73,29.44224002552427,-0.00225
117,200.0,-10.03,3.0939332671112885,-0.00349
118,200.0,-9.83,2.81626508720496,-0.0025
119,188.18,-16.31,28.321489446088844,-0.00249
120,200.0,-9.71,2.4497936748334257,-0.00426
121,200.0,-9.17,1.733464867615836,-0.00315
122,200.0,-7.6,2.9225874650840513,-0.00224
123,200.0,-7.01,1.9536138940519208,-0.00401
124,200.0,-7.44,2.8246652986171874,-0.00533
125,200.0,-5.32,2.830819723997513,-0.00333
126,188.0,-15.49,29.8777934151408,-0.0042
127,200.0,-5.23,3.6477635102843213,-0.00163
128,187.25,-14.03,29.072997949980042,-0.00534
129,191.18,-13.78,28.15378920018732,-0.00412
130,186.82,-14.48,30.425582632433706,-0.0026
131,200.0,-5.24,2.7234631100112328,-0.00072
132,187.64,-16.72,30.777347602115235,-0.00345
133,200.0,-6.32,3.679408047899774,-0.00261
134,188.73,-14.37,28.899709496043222,-0.00259
135,200.0,-4.41,2.4577590223561003,-0.00395
136,177.58,-22.59,40.442208689833606,-0.00275
137,177.5,-23.87,39.296593266258725,-0.00348
138,200.0,-6.43,3.369632823332438,-0.00284
139,200.0,-7.07,2.2385900272062216,-0.00305
140,186.42,-12.94,29.446195690776268,-0.00207
141,186.36,-15.09,30.550685735185017,-0.00203
142,175.83,-24.3,39.51452381473209,-0.00556
143,178.17,-24.4,39.928325614693634,-0.0031
144,200.0,-8.37,2.578875866999712,-0.00235
145,187.09,-16.76,30.608271164544714,-0.00294
146,190.27,-15.87,31.21345886932881,-0.00238
147,200.0,-7.27,2.9994808775683635,-0.0018
148,200.0,-8.17,1.7920157705199167,-0.00275
149,200.0,-6.41,2.4553778295452777,-0.00232
150,200.0,-6.57,3.168159323765071,-0.00325
151,188.55,-18.5,29.526295528216163,-0.00285
152,189.73,-17.29,31.5940817986602,-0.00406
153,200.0,-7.76,2.613895558443619,-0.00273
154,190.55,-17.32,28.0922528614188,-0.00275
155,186.91,-18.24,30.693485867917442,-0.00588
156,178.92,-24.9,40.61531135590721,-0.00369
157,200.0,-7.26,2.7651018350610923,-0.0034
158,200.0,-5.77,2.0243547230506187,-0.00427
159,189.45,-16.37,32.705284563628204,-0.00355
160,200.0,-6.94,3.703070859099887,-0.00384
161,198.82,-14.38,27.91009941022739,-0.00176
162,175.5,-23.86,40.456728271632734,-0.00357
163,200.0,-6.34,2.82392793964775,-0.00306
164,200.0,-6.72,1.8080655069472413,-0.00394
165,200.0,-5.97,2.631899714079658,-0.00449
166,200.0,-5.22,2.3925981096200215,-0.00346
167,200.0,-5.03,2.6788950554793742,-0.00362
168,200.0,-5.07,3.1210335492962513,-0.005
169,200.0,-5.41,1.4231393606914564,-0.00577
170,187.91,-14.86,30.613267332853255,-0.00229
171,200.0,-5.7,2.5569923516192827,-0.00405
172,200.0,-6.09,3.172227673752805,-0.00519
173,200.0,-4.08,2.940448255387102,-0.00249
174,200.0,-5.22,2.372363058932652,-0.00516
175,187.18,-13.94,32.19890053739572,-0.00444
176,187.45,-25.74,43.096187266535644,-0.00303
177,186.45,-14.96,30.37932245819358,-0.00506
178,200.0,-5.44,2.782842525274375,-0.00304
179,175.08,-24.05,39.57500047806201,-0.00485
180,200.0,-5.76,3.370023661119083,-0.00277
181,200.0,-3.36,1.8789052251000113,-0.0026
182,191.0,-15.81,31.380873118364768,-0.00218
183,200.0,-6.32,2.6120819308499525,-0.00235
184,200.0,-5.24,2.4351797710798393,-0.00122
185,200.0,-4.87,1.9656220614484028,-0.00269
186,187.17,-13.99,29.14642061753981,-0.00366
187,200.0,-6.0,2.389778209303402,-0.00156
188,200.0,-5.48,2.7306331700894577,-0.00361
189,200.0,-4.98,2.010527514131222,-0.00299
190,200.0,-5.72,1.7167312764858327,-0.0034
191,200.0,-7.21,1.79392217120816,-0.00421
192,189.45,-16.77,29.95676299100231,-0.00427
193,200.0,-7.5,1.9241715088868137,-0.00185
194,200.0,-5.18,2.805183073383638,-0.00294
195,179.33,-25.58,41.09006850558682,-0.00365
196,200.0,-6.92,2.7969019185367303,-0.00481
197,200.0,-5.63,0.8597085879737212,-0.0037
198,186.91,-14.6,30.854444120409028,-0.00538
199,200.0,-5.1,2.177106644183924,-0.00465
200,200.0,-7.46,1.404510347069788,-0.00225
201,200.0,-6.82,1.525310619288073,-0.00324
202,200.0,-7.02,2.0744658496324626,-0.00473
203,200.0,-6.55,2.3039494486963332,-0.00328
204,200.0,-4.94,1.704787528471817,-0.00417
205,200.0,-4.58,1.3321701733788816,-0.00238
206,200.0,-5.48,2.298406560106347,-0.00293
207,200.0,-5.07,1.5030695005135073,-0.00135
208,200.0,-3.36,2.497904143464919,-0.00408
209,200.0,-6.53,3.729006727226699,-0.00313
210,200.0,-3.89,2.5523056083767988,-0.00424
211,200.0,-3.81,2.433213959331539,-0.0036
212,200.0,-3.08,2.3329840563818345,-0.00296
213,200.0,-1.93,3.29625701402103,-0.00389
214,200.0,0.14,2.8739860437930735,-0.00325
215,200.0,-2.32,3.526473531788117,-0.00207
216,200.0,-1.52,3.206942056437228,-0.00301
217,200.0,-1.8,3.7203521881563106,-0.00325
218,187.82,-11.89,31.468821246218123,-0.0042
219,200.0,-0.09,2.8239987010272594,-0.00408
220,186.82,-18.27,40.14673599022978,-0.00344
221,181.08,-25.55,46.337262701025416,-0.00506
222,200.0,1.43,3.698692325772732,-0.0032
223,193.45,-7.94,28.22405524325582,-0.00534
224,200.0,-0.87,2.9242334939179924,-0.00327
225,200.0,-1.03,3.226594066708785,-0.00082
226,200.0,-0.34,2.4293347013256037,-0.00452
227,200.0,-0.29,4.575689701455497,-0.00234
228,200.0,0.64,2.4700600486889766,-0.0025
229,200.0,-2.06,4.735763974686312,-0.00297
230,200.0,-1.12,3.6408644387157243,-0.00448
231,200.0,-0.3,2.4304450941496527,-0.00238
232,193.36,-18.3,39.11070561327671,-0.00484
233,200.0,2.03,2.863286662504472,-0.0026
234,200.0,0.69,2.5686381895497354,-0.00304
235,197.36,-9.01,27.974302989458565,-0.004
236,200.0,0.29,2.4151086358162153,-0.00443
237,200.0,1.85,3.068344487617599,-0.00348
238,200.0,0.84,2.9050231962412707,-0.00333
239,200.0,-0.48,4.688795469747539,-0.00219
240,200.0,3.47,2.4194904312674903,-0.00374
241,200.0,3.58,3.7389461607075565,-0.00397
242,197.45,-5.0,31.31976491731604,-0.00545
243,187.18,-5.57,32.17797228512685,-0.00192
244,200.0,3.4,3.9380355519258625,-0.0036
245,194.91,-6.55,30.10448747415287,-0.0045
246,186.18,-7.79,32.45257320543687,-0.00613
247,200.0,2.57,2.565049946413528,-0.00243
248,200.0,3.14,5.40249976773319,-0.00562
249,200.0,0.84,6.541239244787812,-0.00276
250,200.0,3.86,2.4298797966364956,-0.00242
251,190.09,-15.0,41.680237094904584,-0.00444
252,200.0,2.98,3.134283862205717,-0.00396
253,188.36,-28.25,49.715990774218774,-0.00423
254,200.0,2.67,4.015764765707243,-0.00106
255,200.0,3.76,2.9800607506002694,-0.00185
256,200.0,5.36,3.4582762491745043,-0.00352
257,195.0,-6.81,30.546735093424232,-0.00286
258,200.0,1.68,4.265240917148568,-0.00283
259,190.09,-18.52,44.00554160189869,-0.00363
260,200.0,1.08,4.391077131420183,-0.00256
261,200.0,4.57,4.248596366231696,-0.00445
262,186.55,-15.8,43.05147168651656,-0.00628
263,200.0,3.37,4.829158873190161,-0.00506
264,190.0,-5.83,32.11874913512296,-0.0044
265,200.0,4.07,3.508883978772291,-0.00369
266,200.0,4.58,4.276426000499023,-0.00477
267,200.0,4.64,2.959038812837451,-0.00338
268,188.82,-14.01,42.34219212746282,-0.00554
269,200.0,4.13,3.4831821771720923,-0.00216
270,200.0,4.52,3.7916761876140974,-0.00362
271,200.0,5.0,3.667226993952241,-0.00492
272,200.0,7.78,5.313159734150589,-0.00277
273,192.45,-4.57,29.965636801799125,-0.00615
274,200.0,3.93,3.8936042381513767,-0.00291
275,200.0,5.87,5.05028911159356,-0.00415
276,187.73,-6.26,33.50085144657457,-0.00333
277,200.0,6.99,3.3436246911063296,-0.00443
278,200.0,4.16,3.443827544562661,-0.00316
279,196.09,-2.22,32.013314790884415,-0.00325
280,200.0,5.85,6.733061892698082,-0.002
281,187.25,-11.33,44.07829154502798,-0.00247
282,200.0,5.93,4.276716979780945,-0.00287
283,200.0,6.18,5.421741130005992,-0.00372
284,200.0,5.62,4.97413012487128,-0.00177
285,200.0,5.84,3.4167888273312523,-0.00449
286,187.27,-11.58,42.831774792451554,-0.00471
287,200.0,9.28,4.713995775707766,-0.00308
288,200.0,7.16,4.0862707397483105,-0.00227
289,189.36,-3.37,34.663134461948694,-0.00602
290,194.55,-2.17,32.00482315211599,-0.00417
291,200.0,8.14,3.8048647226028,-0.00258
292,200.0,8.21,2.4680997604441695,-0.00268
293,192.73,-4.01,30.816724520838026,-0.0051
294,200.0,9.23,2.5545637285518725,-0.00474
295,194.55,-2.9,37.092656361818136,-0.00383
296,200.0,8.68,3.5040551790438084,-0.00391
297,191.36,-2.9,30.22271446130574,-0.00755
298,194.45,-2.8,30.01553529687781,-0.004
299,200.0,8.67,5.0563325538319805,-0.00404
300,192.18,-6.79,34.195507853523836,-0.00242
301,200.0,4.9,3.2620069531597182,-0.00512
302,200.0,5.97,3.737025003290194,-0.0025
303,196.55,-5.3,31.38906235600766,-0.00429
304,200.0,5.42,3.1605413639632327,-0.00419
305,200.0,5.3,4.2610193104728715,-0.00356
306,200.0,6.65,3.5028343759018457,-0.00299
307,200.0,6.62,3.8817136969197286,-0.00305
308,200.0,7.01,3.6047610680508395,-0.00532
309,200.0,7.59,5.492622655689083,-0.00404
310,200.0,6.6,3.0847460634973616,-0.0019
311,200.0,5.1,4.347364559950866,-0.0032
312,200.0,7.63,3.7784032685271094,-0.00385
313,187.18,-2.39,36.92895726743455,-0.00612
314,195.09,-0.84,29.758469362138893,-0.00525
315,200.0,9.03,3.5213631519794837,-0.00312
316,193.36,-0.88,29.776117817055177,-0.0048
317,180.08,-17.44,48.57408481303276,-0.00299
318,193.27,-2.42,32.364987828016226,-0.00455
319,200.0,7.95,2.8491123092651893,-0.00383
320,200.0,7.99,3.9155601445242647,-0.00244
321,200.0,6.85,3.921956734908605,-0.00359
322,200.0,5.25,2.270089038836641,-0.00216
323,200.0,6.47,4.035225294680625,-0.00236
324,200.0,4.45,3.310338554128169,-0.00335
325,200.0,7.22,3.073274483165622,-0.00342
326,192.45,-3.39,34.105107331065724,-0.00415
327,200.0,1.35,6.609131769771886,-0.0037
328,200.0,6.97,3.7517501327271656,-0.00265
329,200.0,4.26,2.975500772144045,-0.00368
330,191.91,-3.92,36.90535878192453,-0.00143
331,187.73,-5.21,33.67776568239159,-0.00382
332,200.0,7.03,5.057788344757742,-0.00316
333,186.64,-12.89,47.666693241968915,-0.00623
334,188.18,-0.13,35.68303106878991,-0.00336
335,200.0,7.16,4.114275512915034,-0.00385
336,200.0,5.77,4.898675218230411,-0.00373
337,186.82,-7.73,33.290140493968146,-0.00331
338,200.0,5.37,2.8516374296340183,-0.0035
339,192.73,-4.89,36.864498491703976,-0.00378
340,195.09,-1.34,32.49541042622883,-0.00314
341,189.82,-3.33,32.57031388939218,-0.003
342,197.55,-0.53,28.299283158746153,-0.00453
343,200.0,8.64,4.5979765566368735,-0.0031
344,200.0,5.24,4.358174259970467,-0.00317
345,195.36,-4.75,32.35064724902541,-0.00339
346,198.18,-3.41,30.343139667367762,-0.00328
347,188.36,-7.42,31.273891680969413,-0.00464
348,200.0,6.37,2.8737579533893536,-0.00511
349,200.0,2.49,3.49577667350653,-0.0033
350,193.27,-9.01,36.90709401599646,-0.00392
351,200.0,5.39,3.427167457870997,-0.00449
352,188.09,-4.06,36.64880551828279,-0.00355
353,188.73,-2.21,33.117721420234865,-0.00592
354,198.18,-6.29,30.549229027883907,-0.00277
355,200.0,4.21,3.3726540706524815,-0.00359
356,187.45,-6.69,34.42842105321474,-0.00315
357,200.0,5.11,3.7678028341272496,-0.00339
358,200.0,3.47,3.1417596491475286,-0.00414
359,200.0,3.34,9.63234269793128,-0.00491
360,200.0,6.8,2.7856948922757767,-0.00202
361,200.0,3.61,4.26692867973584,-0.00331
362,200.0,6.09,2.9920244970410534,-0.00485
363,200.0,5.37,4.217358096219428,-0.00318
364,186.36,-2.85,33.43675551024842,-0.00473
365,200.0,6.67,4.088093342342655,-0.00291
366,200.0,1.99,4.926034936911469,-0.00482
367,200.0,4.19,2.1769147101708652,-0.0058
368,200.0,2.23,4.322254847653466,-0.00263
369,200.0,3.35,3.661658534414468,-0.00191
370,200.0,6.37,4.17559514550779,-0.00336
371,200.0,5.11,3.227174358486222,-0.0033
372,200.0,4.98,2.3975624908869566,-0.00295
373,200.0,6.41,3.160497975051647,-0.00387
374,200.0,5.24,3.7299351011597,-0.00646
375,186.45,-4.4,32.88688506248518,-0.00241
376,200.0,9.09,3.9642771361976763,-0.00296
377,200.0,9.49,3.67863674430653,-0.00283
378,188.09,-2.71,35.369881826721944,-0.00287
379,200.0,6.87,2.048132793640653,-0.005
380,200.0,10.06,4.548746018967074,-0.00283
381,191.82,-2.52,39.60226232008371,-0.00211
382,192.36,-1.64,32.639476780837256,-0.00488
383,200.0,8.45,3.3957806834317057,-0.00331
384,200.0,9.04,3.552260747381813,-0.00394
385,200.0,10.89,4.193733541994227,-0.00342
386,200.0,8.71,6.483998213116154,-0.00243
387,191.82,1.52,35.182060025653264,-0.00313
388,200.0,6.96,10.327140687306562,-0.00483
389,190.73,-9.42,46.59948515871192,-0.00345
390,186.36,3.4,35.04164320522382,-0.00467
391,170.38,-24.83,54.47544904381342,-0.0027
392,187.82,2.18,36.089504782363484,-0.00328
393,200.0,11.8,2.5589871579735726,-0.00376
394,200.0,12.53,4.25002379826288,-0.00205
395,191.55,-11.72,45.930901041379634,-0.00516
396,200.0,12.32,4.060058674419718,-0.0018
397,200.0,10.54,4.420143692139121,-0.00233
398,200.0,9.92,7.06371391174214,-0.00588
399,200.0,13.89,4.059829790226141,-0.00358
400,178.08,-11.63,46.36318008899521,-0.00367
401,200.0,14.06,3.5228012190168543,-0.00289
402,187.73,-9.77,48.72555605419485,-0.0061
403,200.0,10.66,6.022807361172873,-0.00286
404,191.0,-3.02,42.707396142052445,-0.00313
405,200.0,12.1,4.0693854070475854,-0.00427
406,184.17,-9.05,45.930015277762614,-0.00566
407,200.0,10.97,2.721315245098183,-0.00154
408,190.18,1.49,34.37115680155643,-0.00378
409,200.0,11.83,3.0336775743593205,-0.00431
410,192.18,2.55,36.00920773967791,-0.00485
411,194.82,2.19,33.55315607545629,-0.00321
412,200.0,12.29,4.044381692831261,-0.00302
413,196.36,2.05,34.00984574756103,-0.0034
414,191.55,2.14,37.834022337304326,-0.00337
415,200.0,15.1,3.3979173669328078,-0.00338
416,200.0,14.42,6.224016839940811,-0.00534
417,187.27,-6.68,48.93755459658502,-0.00582
418,184.83,-7.43,46.53639809455694,-0.00536
419,200.0,15.37,4.698986240336261,-0.00562
420,200.0,15.29,2.876416243213773,-0.0039
421,183.5,-6.4,44.360815132970906,-0.00323
422,200.0,15.51,3.2677848276769486,-0.00318
423,200.0,10.87,11.339614769607097,-0.00298
424,200.0,14.32,6.796922228793574,-0.00389
425,200.0,14.92,5.131907623062583,-0.0025
426,200.0,15.43,2.8383548157881036,-0.00545
427,196.0,4.37,33.457532951184355,-0.00425
428,190.27,2.18,39.64189094421191,-0.00514
429,191.0,1.55,35.282743150226715,-0.00488
430,200.0,12.39,5.398463269567625,-0.00457
431,192.45,-2.43,39.428734561860274,-0.00255
432,200.0,12.25,5.166597981417923,-0.00212
433,200.0,12.69,5.351179212086124,-0.00398
434,191.09,0.7,35.9571957689418,-0.00323
435,200.0,13.71,3.0974800452343243,-0.00528
436,193.0,0.91,33.77602210413059,-0.00574
437,200.0,9.78,4.692355506260895,-0.0046
438,200.0,9.57,3.4690299203562973,-0.00277
439,200.0,12.21,2.752921895700043,-0.0027
440,200.0,13.52,2.901342185578222,-0.00383
441,200.0,12.51,3.298403693660717,-0.00305
442,199.09,3.84,32.887587800314726,-0.00293
443,200.0,14.6,3.850180185989955,-0.00371
444,200.0,10.87,4.169894596065872,-0.00239
445,200.0,13.34,2.6485673599922857,-0.00196
446,200.0,12.84,4.378389076337867,-0.00276
447,200.0,13.35,4.594864418635869,-0.00586
448,200.0,14.06,2.958774032543765,-0.00289
449,200.0,13.06,3.859174135006585,-0.00248
450,200.0,14.06,5.412966239260074,-0.00395
451,200.0,13.46,3.241258852003259,-0.00276
452,200.0,13.43,4.294999397887045,-0.0033
453,200.0,13.75,2.86512662760496,-0.00492
454,200.0,14.99,2.057451560322053,-0.00333
455,200.0,13.92,4.296987856279368,-0.00384
456,200.0,10.42,3.95932842989713,-0.00316
457,195.27,3.75,34.44841284252168,-0.00553
458,200.0,11.3,4.048259310245301,-0.00195
459,200.0,13.8,2.632909034807625,-0.0038
460,200.0,14.87,2.7671753004906683,-0.00397
461,200.0,12.62,3.397144687462778,-0.00391
462,200.0,13.12,5.006697628750012,-0.00168
463,200.0,14.13,2.717152018875554,-0.00347
464,200.0,12.82,4.049828776881115,-0.00463
465,200.0,13.23,8.148085802479134,-0.00459
466,200.0,14.95,5.424514143582155,-0.00398
467,192.73,4.1,34.48830251341919,-0.00499
468,196.82,3.6,34.05265966074783,-0.00389
469,200.0,17.25,4.897134225295537,-0.00498
470,200.0,15.56,3.5406671135157812,-0.00402
471,193.0,-4.53,43.32715997921704,-0.00366
472,200.0,14.34,5.646023919325869,-0.00366
473,200.0,16.2,3.6152952676236807,-0.00261
474,200.0,15.87,3.2883064159999478,-0.00302
475,200.0,16.78,2.2958671369952657,-0.00389
476,200.0,15.01,4.809630238172356,-0.00314
477,200.0,15.44,3.3193756063056568,-0.00311
478,200.0,17.09,1.619066914100171,-0.00454
479,200.0,16.16,4.55197624827306,-0.00313
480,197.45,6.79,33.784668064025546,-0.00421
481,200.0,16.56,2.9098271864642724,-0.0034
482,200.0,16.32,3.6380700336975367,-0.00264
483,192.36,6.26,34.658920375847174,-0.00493
484,200.0,16.95,4.582490812959987,-0.00181
485,200.0,16.26,3.1897859023429644,-0.00418
486,200.0,17.55,3.3994011898252725,-0.00406
487,200.0,18.54,4.104992584357732,-0.00305
488,200.0,16.54,5.171719800777697,-0.00322
489,200.0,16.33,5.664507198885483,-0.00454
490,200.0,13.62,8.940138659430012,-0.00355
491,194.09,6.8,34.080658964076996,-0.00281
492,194.91,3.73,36.238568207997844,-0.00387
493,200.0,16.85,2.7810792161546893,-0.00311
494,200.0,17.6,2.5923976253788514,-0.00283
495,188.18,5.42,37.46952196278926,-0.00701
496,200.0,18.76,2.719082302327006,-0.00261
497,200.0,13.64,6.273203001864697,-0.00127
498,200.0,16.86,3.2982434651658665,-0.00335
499,200.0,17.85,2.9713706488359355,-0.0037
500,200.0,18.01,4.018352323747993,-0.00309
501,200.0,19.16,2.860150225853022,-0.00349
502,200.0,20.27,3.229849792737923,-0.0031
503,193.27,7.95,35.43959534142309,-0.00263
504,192.64,7.01,35.083770076194085,-0.00287
505,200.0,20.11,3.281849622237933,-0.00249
506,193.55,2.37,38.75976182074003,-0.00538
507,200.0,17.45,3.249107744395874,-0.00386
508,200.0,17.85,3.1809779876783275,-0.00306
509,200.0,19.28,2.8244134789889084,-0.00345
510,200.0,18.55,3.436892749150769,-0.00298
511,200.0,15.83,4.634449090854781,-0.00258
512,187.27,5.89,38.10046996527495,-0.00459
513,200.0,18.26,3.626874712839931,-0.00288
514,200.0,17.39,2.463648470092438,-0.003
515,200.0,18.48,4.780546636516551,-0.00187
516,200.0,16.96,6.7356451990098245,-0.00546
517,194.64,6.79,35.53310911417894,-0.00343
518,196.36,-5.14,45.314920527967786,-0.00424
519,200.0,17.49,3.1377909667010546,-0.00528
520,200.0,14.36,7.172633237585973,-0.00281
521,195.55,6.81,31.97067613423343,-0.00315
522,200.0,16.5,3.4765271125663393,-0.00254
523,200.0,16.85,3.5624108733493487,-0.00256
524,189.36,5.19,37.398214726529375,-0.00442
525,200.0,16.38,3.3286857511060965,-0.00403
526,193.27,8.02,34.00602052215229,-0.0021
527,200.0,18.43,1.9277702947884532,-0.00323
528,200.0,16.05,3.431388877915608,-0.00305
529,200.0,17.51,2.430348549289848,-0.00247
530,191.55,5.93,33.450631722188795,-0.00334
531,198.82,5.65,33.50831678516219,-0.00316
532,200.0,18.81,2.583444361584361,-0.00151
533,200.0,18.46,3.882809571429299,-0.00395
534,200.0,17.94,2.7434698760739855,-0.00397
535,200.0,18.63,4.291885916307089,-0.00336
536,199.91,7.43,31.75091800146824,-0.00237
537,200.0,15.36,4.275405296636773,-0.00438
538,197.82,4.13,33.555239887081804,-0.00257
539,200.0,18.07,3.8910318867515907,-0.00389
540,200.0,18.26,2.943042933235268,-0.00324
541,200.0,15.64,2.509495257853976,-0.00347
542,200.0,14.49,4.905594828718096,-0.0018
543,195.64,7.3,32.4839546339882,-0.00345
544,200.0,18.14,4.365605602226593,-0.00208
545,200.0,17.35,4.530211130681152,-0.00367
546,200.0,16.03,8.801489980390985,-0.00406
547,200.0,18.82,2.757198904523721,-0.00455
548,200.0,15.08,6.985350764289839,-0.00397
549,200.0,14.89,4.494896978044475,-0.00249
550,200.0,16.77,2.0076178416516743,-0.00349
551,200.0,15.07,3.0822073301356956,-0.00311
552,200.0,14.7,3.5192774660526753,-0.00397
553,200.0,17.6,3.501437226651467,-0.00417
554,200.0,15.2,1.8097874639572231,-0.00352
555,200.0,14.14,2.982971490079533,-0.00318
556,200.0,12.24,6.819504275686176,-0.00387
557,200.0,14.88,2.8045200062640414,-0.00464
558,200.0,17.1,2.134545877665309,-0.00363
559,188.18,-4.07,42.53407527994863,-0.00289
560,197.09,4.39,34.75228841597784,-0.00428
561,196.73,2.82,34.87353772898463,-0.005
562,178.92,-5.65,47.223622062571245,-0.00274
563,193.36,7.29,34.27709942380615,-0.00321
564,193.09,-4.29,44.55991829510248,-0.00389
565,200.0,16.45,4.155626939658281,-0.00326
566,200.0,15.78,4.155234386159104,-0.0022
567,187.18,7.8,37.089470960278256,-0.00537
568,200.0,17.07,2.612414477452258,-0.00248
569,196.55,6.38,31.317365907008522,-0.00548
570,200.0,14.4,6.124797144604441,-0.00502
571,200.0,15.49,3.8893242365222935,-0.00421
572,200.0,11.07,4.413570751227531,-0.00317
573,200.0,12.85,5.254770543913825,-0.0038
574,200.0,16.51,4.97864873982627,-0.00397
575,200.0,16.27,4.491099571223984,-0.00504
576,193.18,5.64,33.19363639923659,-0.00704
577,200.0,15.82,4.7138813641809945,-0.00157
578,187.17,4.88,34.53714923011576,-0.00609
579,200.0,12.55,3.2809778671194287,-0.00098
580,200.0,9.66,7.925153869549428,-0.00359
581,198.18,5.58,34.678466159201605,-0.00362
582,200.0,13.29,3.761188420583222,-0.00432
583,200.0,16.43,4.311853744361376,-0.00344
584,200.0,14.87,6.00306939276498,-0.0039
585,200.0,16.67,3.670098643464102,-0.00365
586,200.0,18.0,2.2461772124022543,-0.00264
587,200.0,15.78,3.5097912063173795,-0.00424
588,200.0,18.12,3.3797883705435408,-0.00254
589,200.0,16.93,3.4724729554539926,-0.00191
590,200.0,17.64,3.6233640965731833,-0.00361
591,200.0,18.77,3.5207407052067565,-0.00364
592,187.36,-6.85,50.63420757404719,-0.00451
593,189.0,5.75,41.442297658200374,-0.0072
594,195.36,5.25,34.07303266318571,-0.00095
595,200.0,18.31,2.840376959827324,-0.00321
596,200.0,15.96,7.02564697608275,-0.00323
597,195.91,4.88,32.68815582753349,-0.00377
598,200.0,17.68,2.7832139563929092,-0.00371
599,200.0,18.04,3.1237699519842157,-0.00562
600,190.45,4.52,38.20673858926188,-0.00324
601,196.91,9.19,33.51392994931322,-0.0026
602,196.91,6.68,31.307103505135807,-0.00477
603,198.09,4.5,32.96563887324179,-0.00435
604,187.45,-4.51,47.44669973108625,-0.00346
605,200.0,17.81,2.7484462063261197,-0.00332
606,200.0,15.04,5.955086436322679,-0.00355
607,200.0,15.62,4.052822223209257,-0.00374
608,200.0,16.97,2.5247547718184022,-0.00164
609,200.0,17.4,4.490915480431963,-0.00149
610,200.0,16.43,6.22549217710651,-0.00396
611,200.0,15.35,3.9777184110008466,-0.00359
612,200.0,14.96,5.010116849203729,-0.00313
613,200.0,19.59,3.4882465762714236,-0.00418
614,192.0,-4.19,46.691803340123734,-0.00331
615,200.0,16.46,3.9774707538492353,-0.00216
616,197.18,5.67,32.58543655557659,-0.00332
617,191.45,-4.09,47.900729475744875,-0.00565
618,200.0,16.78,5.182942466199632,-0.00278
619,200.0,14.68,4.360234508605057,-0.00212
620,196.36,5.26,40.27247300631519,-0.00333
621,200.0,18.68,4.156972747094753,-0.00365
622,200.0,16.44,7.648884253553011,-0.00495
623,200.0,14.26,14.855589344820958,-0.00472
624,200.0,17.37,3.875061698188731,-0.00249
625,200.0,17.54,4.540664240916159,-0.00317
626,200.0,16.75,4.18050528679291,-0.00411
627,200.0,18.43,3.1245774163092976,-0.0018
628,200.0,19.75,4.127936367170153,-0.00264
629,182.17,-14.28,54.87802724892742,-0.00435
630,194.0,8.72,33.12319458015648,-0.00493
631,200.0,18.07,4.222939536823777,-0.00249
632,200.0,17.47,6.655439987065315,-0.00551
633,200.0,18.55,8.126130936228423,-0.00252
634,200.0,21.11,4.072918763173829,-0.00378
635,188.82,6.62,38.136818246012915,-0.004
636,200.0,20.64,3.6631826326911314,-0.00468
637,191.0,10.72,36.26882173916102,-0.00313
638,200.0,20.1,3.971867159575958,-0.00327
639,200.0,16.26,9.272375644529731,-0.00306
640,200.0,19.13,3.5033411893024975,-0.00313
641,200.0,19.38,2.7799295423217547,-0.00387
642,195.18,2.34,40.33833075764137,-0.00266
643,200.0,18.26,6.063304530252278,-0.00274
644,187.73,6.67,36.02326029351778,-0.00509
645,200.0,18.92,4.803993109740255,-0.0028
646,184.75,-2.9,46.65104231041688,-0.00321
647,190.82,7.29,38.90980197079427,-0.00554
648,194.36,3.93,34.77668049826601,-0.0046
649,200.0,19.06,5.263386950121134,-0.00097
650,198.82,9.88,34.302542034976796,-0.00496
651,200.0,17.83,2.730778969055705,-0.00359
652,197.55,9.96,34.86961022044632,-0.00334
653,192.18,8.17,35.382184936899286,-0.00331
654,196.27,7.23,35.754373280974846,-0.00346
655,200.0,19.08,2.2831287600532097,-0.00259
656,200.0,17.86,5.477126553179692,-0.00277
657,188.36,5.42,37.85928943619997,-0.00478
658,200.0,17.51,2.60521158681751,-0.00352
659,200.0,21.88,3.281286571457451,-0.00474
660,196.91,9.73,35.76869924114757,-0.00584
661,200.0,16.81,5.545994538612177,-0.00239
662,195.64,8.14,36.160343884022915,-0.0049
663,189.27,5.67,40.08229859754921,-0.00529
664,186.92,-15.05,57.216989063150216,-0.00359
665,200.0,14.56,6.398850857939338,-0.00345
666,200.0,15.95,5.391988390434658,-0.00465
667,200.0,16.29,5.3084013646404875,-0.00264
668,200.0,15.84,6.574610855918117,-0.00347
669,200.0,18.44,5.133278127641504,-0.0034
670,200.0,16.16,5.04662361475177,-0.00423
671,189.64,6.26,35.94764551556327,-0.00376
672,183.5,-6.93,49.862185868636054,-0.00299
673,200.0,17.7,4.66163964455619,-0.00353
674,200.0,17.54,5.052463855885846,-0.0044
675,190.73,4.65,41.35251371888131,-0.00475
676,200.0,14.08,5.6038967804033275,-0.00272
677,200.0,14.38,5.510373735284716,-0.00327
678,200.0,17.9,6.034964069284414,-0.00299
679,200.0,17.86,5.150623645992764,-0.00316
680,200.0,17.6,2.6950608925622026,-0.00394
681,189.09,5.1,40.836298400001986,-0.00275
682,194.18,7.81,35.46855354263135,-0.00594
683,200.0,15.83,6.083900647420983,-0.00395
684,200.0,16.96,6.275755532768952,-0.0031
685,187.27,-4.48,48.45528610906551,-0.0043
686,200.0,17.26,5.702366955827475,-0.00204
687,200.0,17.9,2.5876078829062186,-0.00408
688,191.18,7.35,37.98259323355692,-0.00421
689,200.0,17.44,4.496862128578919,-0.00326
690,200.0,16.2,5.789329846268814,-0.00276
691,200.0,17.36,7.5579142940808675,-0.00458
692,200.0,17.65,4.420592335821265,-0.00475
693,196.55,9.47,35.72070363652044,-0.00319
694,200.0,18.8,5.436732184338088,-0.0027
695,197.45,-5.42,44.11472666384956,-0.0063
696,200.0,18.03,4.1300537365826795,-0.00304
697,200.0,14.7,6.160970099288158,-0.00346
698,200.0,15.03,5.743679508508329,-0.00401
699,200.0,16.49,4.813356460314838,-0.00332
700,198.18,6.7,35.31186754004718,-0.00328
701,200.0,18.73,2.995961840727767,-0.00282
702,187.0,-0.59,48.025520198828254,-0.00401
703,195.64,6.4,31.866885659925433,-0.00367
704,198.55,10.07,30.530388948358745,-0.00496
705,200.0,20.81,5.270557675629857,-0.00247
706,200.0,20.75,3.883679907692733,-0.00278
707,200.0,20.49,4.875341347189918,-0.00507
708,200.0,17.92,5.071741421941848,-0.00261
709,200.0,20.71,5.378116225806574,-0.0029
710,196.18,8.83,33.06997392851929,-0.00257
711,200.0,20.6,4.1096650831295465,-0.0033
712,200.0,19.14,5.681180520130699,-0.00402
713,200.0,18.26,5.168091580713886,-0.00195
714,199.0,8.64,31.993541323022527,-0.00333
715,200.0,15.85,6.845534294265551,-0.0035
716,200.0,19.74,4.198228965488211,-0.00218
717,200.0,19.26,4.899939084320933,-0.00232
718,193.27,8.06,35.98048445556146,-0.00522
719,200.0,19.57,5.07900779705947,-0.00244
720,200.0,20.84,3.7848233727645533,-0.00373
721,200.0,20.93,4.442476120136034,-0.00246
722,200.0,19.16,4.575994506919377,-0.00345
723,200.0,20.58,3.8571499839578127,-0.00369
724,200.0,20.16,3.246598056624784,-0.00314
725,198.27,8.05,34.81579918597015,-0.00369
726,196.36,10.78,33.089528348109,-0.00181
727,194.0,11.66,34.90458991363656,-0.00554
728,200.0,17.66,4.619631056549885,-0.00308
729,198.64,8.76,33.55638825253163,-0.00454
730,200.0,22.55,3.4692012734842255,-0.00329
731,195.36,11.38,37.281610288758586,-0.00518
732,187.64,-3.62,47.699128486574395,-0.00462
733,199.09,8.69,34.22689607397455,-0.0027
734,195.91,12.65,34.204245115868815,-0.00366
735,194.64,7.81,32.87879607698903,-0.00371
736,187.55,-2.27,48.074013336183555,-0.00481
737,200.0,18.29,3.7660590979384994,-0.00351
738,200.0,21.59,4.150340971157722,-0.00308
739,188.09,-16.2,51.23179807158909,-0.00268
740,200.0,18.7,6.1134629331483,-0.00326
741,200.0,16.96,4.662421804057126,-0.00279
742,190.55,-4.46,50.18979079481898,-0.00404
743,195.91,9.18,33.717507293314895,-0.00399
744,200.0,20.6,4.655841619871805,-0.00338
745,200.0,20.5,4.676780922805838,-0.00201
746,180.58,-1.3,51.94068082391999,-0.00396
747,195.55,3.94,35.35373360646796,-0.0043
748,200.0,16.49,6.556524150485979,-0.00222
749,200.0,18.39,9.732144736585216,-0.00391
750,200.0,21.75,3.7471493878630566,-0.00191
751,200.0,19.05,6.962727367634027,-0.00321
752,196.18,9.57,33.825408929792175,-0.0025
753,200.0,16.33,8.87417744242099,-0.00417
754,200.0,21.64,5.3510688155477135,-0.00397
755,198.91,7.27,30.389659515671706,-0.00413
756,200.0,18.84,5.057470428003308,-0.00496
757,188.09,5.92,37.56543766357009,-0.00324
758,200.0,19.38,5.369037350620861,-0.00346
759,200.0,23.24,4.25963509306149,-0.00424
760,195.82,8.99,41.76814075284443,-0.00372
761,192.64,3.56,45.638263244575164,-0.00453
762,200.0,24.32,4.59908376542133,-0.00222
763,189.64,10.97,38.5045292065237,-0.00518
764,188.18,1.28,46.271355289466044,-0.00262
765,193.27,13.04,34.26071740547683,-0.00286
766,179.92,-7.67,54.24014224203616,-0.0023
767,188.82,11.24,37.97140252316583,-0.00503
768,187.0,11.58,38.45589187058086,-0.00218
769,200.0,23.48,4.472409704021699,-0.00158
770,181.25,2.3,51.247024525717656,-0.00342
771,200.0,24.23,7.1594712900872315,-0.00314
772,197.64,12.79,31.919327078303905,-0.00319
773,194.91,13.14,35.41764477101989,-0.00356
774,200.0,22.63,8.087443554538057,-0.00536
775,188.45,13.05,40.16355052245912,-0.00539
776,189.73,11.64,37.5350158597829,-0.00435
777,200.0,21.98,4.6784229240659405,-0.00276
778,200.0,18.87,5.04468893092572,-0.00388
779,200.0,19.64,2.999042611014334,-0.00247
780,198.64,13.42,32.974329126887376,-0.00412
781,200.0,16.48,8.471528680187665,-0.00375
782,200.0,17.52,4.367073111006156,-0.00421
783,192.0,4.93,40.16094678559072,-0.00446
784,190.64,4.88,35.35815336313927,-0.00618
785,194.0,8.28,39.42320250237499,-0.00397
786,200.0,21.04,4.083393795164067,-0.00631
787,200.0,19.65,5.021086595408619,-0.00277
788,200.0,13.98,3.4461657428703996,-0.00269
789,188.91,7.94,36.23393569044481,-0.0026
790,200.0,17.95,7.189703135661569,-0.00355
791,200.0,14.9,5.874899682655009,-0.00475
792,200.0,18.07,6.153175610460209,-0.00285
793,200.0,16.36,6.483793081560764,-0.00303
794,200.0,15.65,6.8730300855704325,-0.00365
795,200.0,15.88,5.796455513951253,-0.00516
796,200.0,18.87,5.664508650603385,-0.00399
797,200.0,16.06,7.645337773542364,-0.0021
798,200.0,18.42,4.594030338693149,-0.00203
799,200.0,17.23,4.270670951843612,-0.00288
800,200.0,16.88,4.628408242299361,-0.00373
801,200.0,19.5,3.66813013443807,-0.0031
802,200.0,20.36,6.105164665353713,-0.00591
803,200.0,24.01,4.033708894724602,-0.00264
804,195.09,10.16,33.53257039682017,-0.00396
805,200.0,18.56,5.4217208228064075,-0.00256
806,200.0,18.31,6.83424163009285,-0.00324
807,197.27,12.65,32.59882336652754,-0.00408
808,200.0,22.79,5.158502074327518,-0.00477
809,200.0,23.9,5.089666936876779,-0.00229
810,200.0,23.31,3.948419762937568,-0.00215
811,200.0,21.97,2.8590428341907503,-0.00331
812,200.0,22.38,5.001659899486566,-0.00341
813,200.0,20.21,2.8477728399567632,-0.00304
814,196.18,12.95,34.12054581634428,-0.00607
815,200.0,22.12,5.6657270522000305,-0.00313
816,200.0,23.21,4.278378300207464,-0.00335
817,200.0,21.15,4.6277045145346145,-0.0028
818,186.64,9.14,36.71491839884223,-0.00426
819,190.36,7.28,42.31492201078424,-0.01044
820,191.73,7.25,39.99050902834426,-0.00382
821,200.0,19.94,5.866721642356925,-0.00439
822,191.82,11.57,36.78051538831812,-0.00249
823,195.64,10.38,33.57902914927945,-0.0026
824,200.0,21.93,5.309986039975321,-0.00616
825,193.09,12.69,34.805532918362616,-0.00429
826,197.36,7.5,35.35280648248031,-0.00449
827,200.0,20.55,6.808049722316356,-0.00265
828,200.0,20.47,5.249157180693674,-0.00295
829,200.0,17.59,4.563324648095091,-0.00347
830,200.0,20.77,5.4180059138624515,-0.00344
831,200.0,18.92,3.505283242111903,-0.00287
832,200.0,22.17,2.1344914734672193,-0.00438
833,200.0,19.07,4.006322531032185,-0.00234
834,200.0,18.38,4.318343181119181,-0.00398
835,200.0,16.87,5.287424104001735,-0.00453
836,200.0,19.51,3.3606244459142687,-0.00263
837,200.0,21.25,4.536812165018667,-0.00407
838,197.36,8.57,33.664950070190955,-0.00472
839,190.18,8.96,38.2721815968781,-0.00389
840,200.0,17.48,6.234809458989671,-0.00429
841,200.0,20.71,5.6983460723450134,-0.00515
842,200.0,19.15,5.19050057691321,-0.00332
843,200.0,20.16,3.2074667274963957,-0.00253
844,200.0,21.72,3.5747898803823484,-0.00234
845,200.0,20.67,4.439564562546506,-0.00287
846,200.0,19.91,6.28330187118671,-0.00366
847,198.27,9.73,34.96594266902417,-0.00294
848,200.0,18.87,6.681063985502916,-0.00349
849,200.0,21.91,3.382253959844498,-0.0043
850,200.0,20.8,4.274043259694218,-0.00394
851,200.0,21.25,5.147690734790048,-0.00317
852,200.0,21.76,7.5237861921544145,-0.00467
853,189.64,13.45,39.57665137865863,-0.00467
854,200.0,19.79,3.9071228873293182,-0.00374
855,200.0,23.37,3.5513151947659356,-0.0019
856,194.36,11.06,34.39093446449849,-0.00508
857,200.0,23.89,4.285295661245173,-0.00456
858,200.0,21.9,5.0913992232497725,-0.0033
859,195.55,11.81,38.07710029124381,-0.00426
860,200.0,23.86,4.228292734517976,-0.00235
861,200.0,20.71,5.106731111132926,-0.00291
862,200.0,23.01,5.24469513266033,-0.0044
863,200.0,22.74,2.8632173577285833,-0.00316
864,200.0,22.36,4.615261940473683,-0.00253
865,189.91,10.75,37.83142864187612,-0.00268
866,200.0,23.78,4.805729065781679,-0.00462
867,196.09,14.51,33.444212842005015,-0.0022
868,196.36,11.28,36.126597247871715,-0.00385
869,200.0,22.55,4.4256204334384694,-0.00444
870,194.18,12.01,37.08859184927942,-0.00401
871,200.0,23.8,3.986189026031515,-0.00151
872,200.0,25.26,5.554947138899913,-0.0029
873,200.0,25.6,4.493248258854212,-0.00351
874,193.64,9.52,42.04092611627779,-0.00615
875,190.27,11.69,40.78159006898854,-0.00391
876,200.0,23.32,3.2906813308058287,-0.00278
877,200.0,22.67,6.06979795727665,-0.00432
878,200.0,21.29,5.381281732247698,-0.00476
879,200.0,21.6,5.1306837127246485,-0.00313
880,200.0,22.76,6.5179206365427165,-0.00415
881,188.64,13.86,41.615172124506515,-0.00385
882,189.91,10.79,36.52593976469698,-0.00559
883,200.0,24.39,4.440330761319745,-0.00287
884,198.82,12.15,36.18104758058285,-0.00493
885,186.08,-1.15,47.73880538707644,-0.00302
886,200.0,19.67,3.979212704010627,-0.0019
887,200.0,17.55,6.501395683213329,-0.0025
888,200.0,21.07,6.432848585896403,-0.00511
889,198.55,10.71,33.35213611120511,-0.00351
890,195.0,8.27,37.01788758263142,-0.00212
891,200.0,21.84,5.269674486432263,-0.00297
892,200.0,24.69,4.564310611592063,-0.00262
893,200.0,19.64,4.171428818890523,-0.00179
894,189.82,9.46,37.75602413653846,-0.00586
895,200.0,20.52,5.834869282685752,-0.00432
896,200.0,21.07,5.075637260549978,-0.00511
897,200.0,22.59,4.692699660146866,-0.00412
898,200.0,21.28,7.182560725875729,-0.00343
899,200.0,21.46,4.096217835155212,-0.00362
900,200.0,18.47,4.590933463711377,-0.00325
901,200.0,19.74,4.026388986493425,-0.00314
902,200.0,20.81,5.206292004283621,-0.00378
903,200.0,17.22,4.755732279890603,-0.00355
904,200.0,19.92,5.323555982797929,-0.00227
905,200.0,19.41,4.736655330181474,-0.00338
906,200.0,19.88,8.35317577001746,-0.00424
907,200.0,21.09,5.351677680402293,-0.00447
908,200.0,18.34,4.452809677770952,-0.00227
909,195.0,11.72,35.1950715406063,-0.00493
910,190.45,8.24,39.276714013357044,-0.00507
911,200.0,20.42,6.020052979891826,-0.00458
912,200.0,21.37,4.7278981970376925,-0.00259
913,200.0,19.87,5.4640951987534585,-0.00205
914,200.0,22.64,3.6563289999171458,-0.00273
915,200.0,20.96,4.111777714616031,-0.00499
916,200.0,20.54,6.092907433126499,-0.00236
917,200.0,22.78,3.347744828044663,-0.00371
918,200.0,22.24,4.139918992254596,-0.00354
919,200.0,20.76,4.688407719058313,-0.00363
920,193.45,8.58,33.57562087793723,-0.0046
921,200.0,18.16,5.228429996545512,-0.00288
922,200.0,19.51,4.381983731413739,-0.00405
923,200.0,18.73,5.565519944353722,-0.0026
924,200.0,17.66,4.41888070301005,-0.00399
925,200.0,21.68,4.6361257442943,-0.00306
926,200.0,23.02,4.024171379057102,-0.00362
927,200.0,22.32,3.1378701143489334,-0.00308
928,200.0,17.04,6.303648913901326,-0.00433
929,200.0,23.56,2.8558590141357785,-0.0048
930,200.0,21.43,6.082970274431261,-0.0016
931,200.0,22.03,3.414189971206735,-0.00331
932,200.0,23.04,6.360949487723804,-0.00374
933,200.0,19.54,6.420936645431606,-0.00568
934,200.0,21.62,6.069950153725867,-0.0035
935,200.0,18.38,7.334758170608095,-0.00251
936,187.91,12.74,39.803986461130975,-0.00592
937,188.36,7.95,37.716150497069215,-0.00577
938,200.0,21.68,4.617626579645107,-0.0024
939,200.0,22.09,4.301336569486415,-0.00405
940,200.0,22.17,3.4543035836398674,-0.0038
941,200.0,20.1,6.399484360651953,-0.00313
942,200.0,21.26,5.60936061117915,-0.00412
943,200.0,22.11,4.7028681336329266,-0.00356
